code;url;product_name;brands;stores;traces_fr;nutrition_grade_fr;main_category_fr;energy_100g;fat_100g;saturated-fat_100g;carbohydrates_100g;sugars_100g;fiber_100g;proteins_100g;salt_100g
20669188;http://world-fr.openfoodfacts.org/produit/20669188/biscino-black-white-sondey;Biscino Black & white;Sondey;Lidl;;e;caca;2202;28.5;18.2;61.1;43.3;;5.7;0.5
18999;http://world-fr.openfoodfacts.org/produit/00018999/porridge-de-riz-marks-spencer;Porridge de Riz;Marks&Spencer,Marks & Spencer;Marks & Spencer;;a;Petit-déjeuners;1431;1.6;0.3;73;0.6;3.6;7;0.08
28202;http://world-fr.openfoodfacts.org/produit/00028202/cornish-cruncher-cheddar-pickled-onion-hand-cooked-m-s;Cornish Cruncher Cheddar & Pickled Onion Hand Cooked;M&S;;;c;Chips et frites;2049;26.5;3.2;53.7;2.5;6.3;6.2;1.18
31858;http://world-fr.openfoodfacts.org/produit/00031858/pur-soup-veloute-de-legumes-liebig;Pur Soup' Velouté de légumes;Liebig;U Express;;b;Soupes;188;2.1;0.7;5.3;2.4;0.8;0.8;0.75
99233;http://world-fr.openfoodfacts.org/produit/00099233/cheese-twists-marks-spencer;Cheese Twists;Marks & Spencer;Marks & Spencer;;e;Biscuits;2155;28.7;18.5;50.5;2.6;3.3;12.1;1.85
107860;http://world-fr.openfoodfacts.org/produit/00107860/chips-de-legumes-marche-franprix;Chips de légumes;Marché Franprix;;;;Chips et frites;;;;;;;;
1151;http://world-fr.openfoodfacts.org/produit/001151/mini-crepes-chocolait-bijou;Mini Crêpes ChocoLait;Bijou;Correspondance;Œufs,Fruits à coque,Graines de sésame;e;Biscuits;2018;18;11;72;48;1.7;6.7;0.2
156738;http://world-fr.openfoodfacts.org/produit/00156738/milk-chocolate-orange-biscuits-marks-spencer;Milk Chocolate Orange Biscuits;Marks & Spencer;Marks & Spencer;Fruits à coque,Arachides;e;Biscuits;2142;25.7;14.8;62.3;48.9;2.5;6.5;0.28
16229910204;http://world-fr.openfoodfacts.org/produit/0016229910204/soupe-tom-yum-aux-legumes-aroy-d;Soupe Tom Yum aux légumes;AROY-D;Carré asiatique;Graines de sésame;b;Soupes;307;5.33;2;5;3.33;2;1.33;0.627
1664;http://world-fr.openfoodfacts.org/produit/001664/brins-de-chococaramel-bijou;Brins de ChocoCaramel;Bijou;Correspondance;Œufs,Graines de sésame,Soja;e;Biscuits;1960;16;9.5;75;50;1;5;0.28
186803;http://world-fr.openfoodfacts.org/produit/00186803/pressed-costa-rican-pineapple-with-a-hint-of-lime-juice-m-s;Pressed Costa Rican Pineapple with a Hint of Lime Juice;M&S,Marks & Spencer;Marks & Spencer;;d;Jus de fruits 100% pur jus;314;0.1;0.1;12;11.8;0.1;0.4;0.1
20685000935;http://world-fr.openfoodfacts.org/produit/0020685000935/hand-cooked-potato-chips-cape-cod;Hand Cooked Potato Chips;Cape Cod;;Gluten,Lait;d;Chips et frites;2126;26.8;2.1;59.8;2.8;3.7;5.2;2.43
30000064030;http://world-fr.openfoodfacts.org/produit/0030000064030/oatmeal-squares-quaker;Oatmeal Squares;Quaker;;;a;Petit-déjeuners;1569;4.5;0.9;78;16;8.9;10.7;0.309999999999999
30000065075;http://world-fr.openfoodfacts.org/produit/0030000065075/peanut-butter-crunch-cap-n-crunch-s;Peanut Butter Crunch;Cap'n Crunch's;;;d;Petit-déjeuners;1700;9.26;3.7;77.8;33.3;3.7;7.41;1.88
31784989021;http://world-fr.openfoodfacts.org/produit/0031784989021/biscuits-danois-drakkar;Biscuits danois;Drakkar;;Œufs,Fruits à coque;;Biscuits;;;;;;;;
319225;http://world-fr.openfoodfacts.org/produit/00319225/maple-syrup-flavour-porridge-marks-spencer;Maple Syrup Flavour Porridge;Marks & Spencer;;Gluten;b;Petit-déjeuners;1527;4;0.7;66.1;22.6;6.4;13;0.23
322850;http://world-fr.openfoodfacts.org/produit/00322850/golden-syrup-porridge-marks-spencer;Golden Syrup Porridge;Marks & Spencer;;Gluten,Lait,Fruits à coque,Arachides;a;Petit-déjeuners;1577;4.9;0.8;70.5;21.2;7.29;9.2;0.0299999999999999
372060;http://world-fr.openfoodfacts.org/produit/00372060/chips-de-patate-douce-panais-et-betterave-m-s;Chips de patate douce, panais et betterave;M&S;;;d;Chips et frites;2201;35.3;3.8;42.2;23.6;9.9;4.8;1
37617390248;http://world-fr.openfoodfacts.org/produit/0037617390248/pom-pur-jus-de-pomme-le-verger-de-la-renette;Pom Pur Jus de pomme;Le Verger de la Renette;;;;Jus de pomme;;;;;;;;
39047004931;http://world-fr.openfoodfacts.org/produit/0039047004931/luxury-shortbread-selection-walkers;Luxury Shortbread Selection;Walkers;;Fruits à coque;e;Biscuits;2186;28.8;18;59.4;25.5;1.9;5.6;0.73
39047011496;http://world-fr.openfoodfacts.org/produit/0039047011496/pure-butter-chocolate-chip-shortbread-walkers;Pure Butter Chocolate Chip Shortbread;Walkers;;Fruits à coque;e;Biscuits;2168;27.6;17.2;61.3;25.7;2;5.2;0.7
39047014909;http://world-fr.openfoodfacts.org/produit/0039047014909/pure-butter-chocolate-chip-shortbread-33-free-walkers;Pure butter Chocolate Chip Shortbread (+33% free);Walkers;;;e;Biscuits;2167;27.6;17.2;61.3;25.7;2;5.2;0.699999999999999
39047153547;http://world-fr.openfoodfacts.org/produit/0039047153547/biscuits-a-l-avoine-aux-myrtilles-et-a-la-vanille-weight-watchers;Biscuits à l'avoine aux myrtilles et à la vanille;Weight Watchers;;Fruits à coque;b;Biscuits;1881;17.2;1.6;60.5;18.8;10.9;7.6;0.1
42272006168;http://world-fr.openfoodfacts.org/produit/0042272006168/soupe-rustique-aux-legumes-a-l-italienne-amy-s-kitchen;Soupe rustique aux légumes à l'italienne;Amy's kitchen;Carrefour;;a;Soupes;264;2.9;0.4;7.3;1.6;1.6;2;0.762
42272006304;http://world-fr.openfoodfacts.org/produit/0042272006304/veloute-de-champignons-amy-s-kitchen;Velouté de champignons;Amy's Kitchen;Carrefour;;c;Soupes;197;2.5;1.5;5;0.5;0.5;1;0.762
48500309223;http://world-fr.openfoodfacts.org/produit/0048500309223/tropicana-pure-premium-100-pure-reduced-acid-orange-juice-with-calcium-and-vitamins-a-c;Tropicana Pure Premium 100% pure reduced acid orange juice with calcium and vitamins A & C;;;;;Jus d'orange 100% pur jus;;;;;;;;
524889;http://world-fr.openfoodfacts.org/produit/00524889/blackcurrant-high-juice-marks-spencer;Blackcurrant High Juice;Marks & Spencer;Marks & Spencer;;b;Jus de fruits;18;0.1;0.1;0.7;0.7;0.1;0;0.0499999999999999
55742521122;http://world-fr.openfoodfacts.org/produit/0055742521122/jus-de-pomme-et-de-raisin-compliments;Jus De Pomme Et De Raisin;Compliments;;;c;Jus de fruits à base de concentré;188;0;0;11.5;10.5;0;0;0.0191
568364;http://world-fr.openfoodfacts.org/produit/00568364/fairtrade-cocoa-powder-marks-spencer;Fairtrade Cocoa Powder;Marks & Spencer;Marks & Spencer;Lait;e;Petit-déjeuners;1556;21;13.2;13.6;2.3;28.5;18;0.04
58089005058;http://world-fr.openfoodfacts.org/produit/0058089005058/biscuits-feuille-d-erable-erabliere-du-moulin;Biscuits Feuille d'Érable;Érabliere du Moulin;;Œufs,Lait;e;Biscuits;2092;19.8;4.7;74.5;46;1.1;3.2;0.4064
64100111257;http://world-fr.openfoodfacts.org/produit/0064100111257/all-bran-multi-grain-crunch-avec-un-soupcon-de-saveur-naturelle-d-erable-kellogg-s;All-Bran Multi-grain Crunch avec un soupçon de saveur naturelle d'érable;Kellogg's,All Bran;;;c;Petit-déjeuners;1480;4.41;1.18;82.4;23.5;17.6;8.82;0.441
64100589940;http://world-fr.openfoodfacts.org/produit/0064100589940/cereales-rice-krispies-kellogs;Céréales rice krispies;Kellogs;;;d;Petit-déjeuners;1640;0;0;89.3;10.7;0;7.14;1.72
64100788480;http://world-fr.openfoodfacts.org/produit/0064100788480/mini-wheats-centres-saveur-framboise-kellogg-s;Mini-Wheats centres Saveur Framboise;Kellogg's;;;a;Petit-déjeuners;1450;1.82;0.545;81.8;18.2;10.9;9.09;0.0182
64100852662;http://world-fr.openfoodfacts.org/produit/0064100852662/pringles-original;Pringles Original;Pringles;;;d;Chips et frites;879;;4;;0;1;2;2.2
65633279322;http://world-fr.openfoodfacts.org/produit/0065633279322/reese-puffs-cereals-general-mills;Reese Puffs Cereals;General mills;;;d;Petit-déjeuners;1750;9.68;1.61;77.4;29;3.23;6.45;1.64
65928001003;http://world-fr.openfoodfacts.org/produit/0065928001003/mini-biscuits-a-l-erable-turkey-hill;Mini-Biscuits à l'Érable;Turkey Hill;;Œufs,Lait,Fruits à coque,Soja;e;Biscuits;1980;15.8;6.14;73.7;19.3;1.75;5.26;2.63
67311048671;http://world-fr.openfoodfacts.org/produit/0067311048671/collection-nature-orange-framboise-fruit-de-la-passion-oasis;Collection Nature Orange Framboise Fruit de la Passion;Oasis;;;c;Jus de fruits 100% pur jus;201;;0;;11.2;0;0;0.008
72417152924;http://world-fr.openfoodfacts.org/produit/0072417152924/finger-cadbury;Finger;Cadbury;;Fruits à coque;e;Biscuits;2134;24.8;13.5;63.6;39.3;3.1;6.7;0.41
72417153181;http://world-fr.openfoodfacts.org/produit/0072417153181/finger-blanc-cadbury;Finger blanc;Cadbury;;Fruits à coque;e;Biscuits;2165;27.9;15.4;59.7;31;1.9;6.1;0.6
72417160394;http://world-fr.openfoodfacts.org/produit/0072417160394/mini-finger-l-original-cadbury;Mini Finger l'Original;Cadbury;;Gluten,Fruits à coque;e;Biscuits;2159;25.3;14;65.1;40;1.5;6.9;0.5
72417161858;http://world-fr.openfoodfacts.org/produit/0072417161858/finger-cacahuete-cadbury;Finger Cacahuète;Cadbury;;Fruits à coque;e;Biscuits;2197;26.9;15;64.1;39.8;1.4;6.7;0.6
744485;http://world-fr.openfoodfacts.org/produit/00744485/custard-creams-simply-ms;Custard creams;simply MS;;Fruits à coque,Graines de sésame;e;Biscuits;2037;20.8;12.4;68.6;28.4;2;5;0.450000000000001
77330566087;http://world-fr.openfoodfacts.org/produit/0077330566087/biscuits-a-l-avoine-et-aux-canneberges-royal-dansk;Biscuits à l'avoine et aux canneberges;Royal Dansk;;;e;Biscuits;2077;24;12;63;29;3;5.6;1.09982
77330566223;http://world-fr.openfoodfacts.org/produit/0077330566223/chocolate-chip-cookies-royal-dansk;Chocolate Chip Cookies;Royal Dansk;;Fruits à coque,Soja;e;Biscuits;2030;24.2;13.6;63.6;36.4;3.03;6.06;0.000847
77521931090;http://world-fr.openfoodfacts.org/produit/0077521931090/nouilles-instantanees-saveur-crevettes-yeo-s;Nouilles instantanées saveur crevettes Yeo's;Yeo's;Dia;;;Soupes;;;;;;;;
814720;http://world-fr.openfoodfacts.org/produit/00814720/gluten-free-crumpets-marks-spencer;Gluten Free Crumpets;Marks & Spencer;Marks & Spencer;;c;Petit-déjeuners;905;2.8;0.6;44.1;4.5;2;2.1;1.4
84909104175;http://world-fr.openfoodfacts.org/produit/0084909104175/jus-de-coco-congele-cock-brand;Jus de coco congelé;Cock Brand,Marque Coq;Supermarché Asie;;c;Jus de fruits;201;0.7;0.5;10;10;;0.3;0.2
849364;http://world-fr.openfoodfacts.org/produit/00849364/granola-whole-grain-high-in-fibre-marks-spencer;Granola (whole grain & high in fibre);Marks & Spencer,Mark & Spencer;Mark & Spencer;Gluten,Lait,Fruits à coque,Arachides;a;Petit-déjeuners;1883;14.7;1.8;61;10.6;9.2;13.9;0.1
878098;http://world-fr.openfoodfacts.org/produit/00878098/bran-flakes-marks-spencer;Bran flakes;Marks & Spencer;Marks & Spencer;Fruits à coque,Arachides;c;Petit-déjeuners;1481;2;0.3;64.5;15.6;16.2;11.3;1.03
922661;http://world-fr.openfoodfacts.org/produit/00922661/pressed-pink-lady-apple-juice-mark-spencer;Pressed Pink Lady Apple Juice;Mark & Spencer;;;d;Jus de pomme;213;;0.1;;10.8;0.3;0.4;0.0299999999999999
942638;http://world-fr.openfoodfacts.org/produit/00942638/pressed-british-apple-juice-mark-spencer;Pressed british apple juice;Mark&Spencer;;;c;Jus de pomme;205;0.1;0.1;10.4;10.4;0.1;0.1;0.03
964395;http://world-fr.openfoodfacts.org/produit/00964395/honey-oat-breakfast-biscuits-marks-spencer;Honey & Oat Breakfast Biscuits;Marks & Spencer;Marks & Spencer;;a;Petit-déjeuners;1849;15;1.3;66.6;13.5;4.3;9;0.259999999999999
976015;http://world-fr.openfoodfacts.org/produit/00976015/chips-de-legumes-marks-spencer;Chips de légumes;Marks & Spencer;Marks & Spencer;;c;Chips et frites;2075;28.2;3.1;52;13.6;8.8;4.3;0.610000000000001
993739;http://world-fr.openfoodfacts.org/produit/00993739/spiced-british-apple-juice-mark-spencer;spiced British apple juice;Mark & Spencer;;;c;Jus de pomme;190;0.1;0.1;10.4;10.4;0.1;0.1;0.1
1082388;http://world-fr.openfoodfacts.org/produit/01082388/intense-appel-mango-juice-sainsbury-s;Intense Appel & Mango Juice;Sainsbury's;;;c;Jus de fruits 100% pur jus;192;;0.1;;8.6;0.5;0.5;0.08
1425587;http://world-fr.openfoodfacts.org/produit/01425587/bisque-de-homard-deluxe;Bisque de Homard;Deluxe,Lidl Stiftung & Co. KG;Lidl;;b;Soupes;181;2.1;0.7;3;0.7;0.5;3.1;0.58
1,62E+11;http://world-fr.openfoodfacts.org/produit/0161840002576/gout-nacho-cheese-10-gratuit-doritos;Goût Nacho Cheese (+10% gratuit);Doritos;;;;Chips et frites;;;;;;;;
2,01E+11;http://world-fr.openfoodfacts.org/produit/0201292018371/pain-chocolat-x-5-carrefour-city;Pain chocolat (x 5);Carrefour City;Carrefour City;Œufs,Fruits à coque,Derives-de-soja,Produits-laitiers;;Petit-déjeuners;;;;;;;;
2,02E+11;http://world-fr.openfoodfacts.org/produit/0202395009846/jus-orange-sanguine-leclerc;Jus Orange Sanguine;Leclerc;Leclerc;;c;Jus d'orange;187;0;0;8.3;8.3;;1;0
2,05E+11;http://world-fr.openfoodfacts.org/produit/0205004001439/flocons-d-avoine-vrac-bio-c-bon;Flocons d’avoine (vrac);Bio C Bon;;;a;Petit-déjeuners;1607;7.5;1.25;66.6;0.7;11;12.5;0.02
2,06E+11;http://world-fr.openfoodfacts.org/produit/0205545019351/pains-chocolat-beurre-x-8-leclerc;Pains chocolat beurre (x 8) - Leclerc;Leclerc;Leclerc;Œufs,Fruits à coque,Soja;;Petit-déjeuners;;;;;;;;
2,22E+11;http://world-fr.openfoodfacts.org/produit/0222226260345/jus-d-ananas-bio-vitamont;jus d'ananas bio;vitamont;Naturalia;;d;Jus de fruits 100% pur jus;223;0.5;0.1;13.2;11.9;0.5;0.5;0.002
2,28E+11;http://world-fr.openfoodfacts.org/produit/0227628013582/muesli-cereales-et-fruits-secs-biothentic;Muesli céréales et fruits secs;Biothentic;Carrefour;Graines de sésame,Soja;;Petit-déjeuners;1683;8.1;;66.2;;;10.3;
2,61E+11;http://world-fr.openfoodfacts.org/produit/0261450121718/biscuits-p-tit-dej-bio-le-moulin-du-pivert;Biscuits p'tit dej bio;Le moulin du pivert;;;d;Biscuits;1889;19.7;4.2;63.1;19.8;4.8;6.9;0.83
3,26E+11;http://world-fr.openfoodfacts.org/produit/0325798483058/100-pur-jus-orange-cora;100 % pur jus Orange;Cora;Cora;;c;Jus d'orange 100% pur jus;193;0.1;0;10.8;10;0.1;0.3;0.03
3,40E+12;http://world-fr.openfoodfacts.org/produit/03396111362012/chips-nature-sibell;Chips Nature;Sibell;;Gluten,Lait,Moutarde;d;Chips et frites;2305;36;3.1;50.7;0.4;;5.1;1.21
4124897;http://world-fr.openfoodfacts.org/produit/04124897/cereales-croquantes-caramel-et-chocolat-swing;Céréales CROQUANTES Caramel et Chocolat;Swing;Aldi;Fruits à coque,Arachides,Graines de sésame,Soja;c;Petit-déjeuners;1669;5.2;0.9;76;27;;8.4;0.43
4142218;http://world-fr.openfoodfacts.org/produit/04142218/pulco-citron-cuisine;Pulco citron cuisine ;Pulco,Polenghi;;;;Jus de fruits;82.5;0.02;;1.14;;;0.23;
4,21E+11;http://world-fr.openfoodfacts.org/produit/0421142781358/extra-kellogg-s;Extra;Kellogg's;;;;Petit-déjeuners;;;;;;;;
4,22E+11;http://world-fr.openfoodfacts.org/produit/0422142677887/pure-premium-clementine-100-pur-jus-tropicana;Pure premium Clémentine 100% pur jus;Tropicana;;;c;Jus de fruits;211;0;0;10.4;10.4;1.1;0.6;0
4,28E+11;http://world-fr.openfoodfacts.org/produit/0428041425208/prince-lu;Prince;Lu;;;;Biscuits;;;;;;;;
6,12E+11;http://world-fr.openfoodfacts.org/produit/0612114788257/grand-arome-poulain;Grand Arôme;Poulain,Mondelez international;Auchan;;e;Petit-déjeuners;1575;3.9;2.4;71;67;10.5;7.5;0.03
6,15E+11;http://world-fr.openfoodfacts.org/produit/0615000022732/chocolate-picccadilly-biscuits-fortnum-mason;Chocolate Picccadilly Biscuits;Fortnum & Mason;;;d;Biscuits;2238;32.8;18.7;54.4;33.3;5.4;0;0.2
6,19E+11;http://world-fr.openfoodfacts.org/produit/0619286802002/miso-blanc-a-la-citrouille-et-legumes-king-soba;Miso blanc à la citrouille et legumes;King Soba;Satoriz;Soja;b;Soupes;1464;11;1;39;1.5;2;24;0.8
6,19E+11;http://world-fr.openfoodfacts.org/produit/0619286803009/mighty-miso-instant-organic-soup-hearty-red-miso-with-tofu-ginger-king-soba;Mighty miso instant organic soup - hearty red miso with tofu & ginger;King Soba;Satoriz;Soja;b;Soupes;1556;13;1;53.8;2;2;9.3;0.8
6,28E+11;http://world-fr.openfoodfacts.org/produit/0628154048831/bouchees-d-avoine-grillees-au-miel-post;Bouchées d'Avoine Grillées au Miel;Post;;;a;Petit-déjeuners;1670;5;0.667;83.3;20;6.67;6.67;0
6407014;http://world-fr.openfoodfacts.org/produit/06407014/all-bran-buds-kellogg-s;All-Bran Buds;Kellogg's,All Bran;;;b;Petit-déjeuners;1050;3.57;0;78.6;25;39.3;10.7;0.607
6,53E+11;http://world-fr.openfoodfacts.org/produit/0652655000159/raspberry-white-chocolate-and-pistachio-crumbles-border-biscuits;Raspberry, White Chocolate and Pistachio Crumbles;Border Biscuits;Comptoir Irlandais;;e;Biscuits;1824;21.9;12;52.1;26;;6;0.8
6,53E+11;http://world-fr.openfoodfacts.org/produit/0652655000890/sable-aux-flocons-d-avoine-canneberges-yaourt-graines-de-citrouille-border;Sablé aux Flocons d'Avoine, Canneberges, Yaourt & Graines de Citrouille;Border,Border Biscuits;;Œufs,Fruits à coque,Graines de sésame;d;Biscuits;1615;20.7;5.7;41.1;15.7;;7.7;0.699999999999999
6,87E+11;http://world-fr.openfoodfacts.org/produit/0687456226033/cereales-granola-pomme-canelle-made-good;Cereales Granola Pomme Canelle;Made Good;;;b;Petit-déjeuners;1510;11;2;64;25;7;6;0.0299999999999999
6,98E+11;http://world-fr.openfoodfacts.org/produit/0697893253264/palets-aux-perles-de-chocolat-fauchon;Palets aux Perles de Chocolat;Fauchon;Fauchon;Fruits à coque;e;Biscuits;2210;29.1;19.1;60;23.6;12.7;7.27;0.739
7228179;http://world-fr.openfoodfacts.org/produit/07228179/croustillants-fruits-rouges-bjorg;Croustillants Fruits Rouges;Bjorg;;;;Petit-déjeuners;;;;;;;;
7,28E+11;http://world-fr.openfoodfacts.org/produit/0728229123811/mediterranean-chips-terra;Mediterranean chips;Terra;;;c;Chips et frites;2119;32.9;3;48.4;13.6;6.6;4.3;0.889
7,28E+11;http://world-fr.openfoodfacts.org/produit/0728229130444/stripes-blues-sea-salt-terra;Stripes & Blues Sea Salt;Terra;;;c;Chips et frites;2017;29;2.4;43;6.8;14;5.2;1
7283244;http://world-fr.openfoodfacts.org/produit/07283244/100-cacao-nestle-dessert;100 % cacao;Nestlé dessert;;;c;Petit-déjeuners;1603;21;13;17.3;0.4;28;18.1;0.3556
7,37E+11;http://world-fr.openfoodfacts.org/produit/0737282310700/cereales-croque-matin-chocolat-jordans;Céréales Croque-matin chocolat;Jordans;;;d;Petit-déjeuners;1987;18;7.5;;23;5.9;9.5;0.02286
8,15E+11;http://world-fr.openfoodfacts.org/produit/0814930010073/fruit-nuts-seeds-muesli-dorset-cereals;Fruit, Nuts & Seeds Muesli;Dorset cereals;;;c;Petit-déjeuners;1530;10;4.17;61.7;28.3;8.33;6.67;0.0847
8,33E+11;http://world-fr.openfoodfacts.org/produit/0832697000564/plantain-chips-pacific-sea-salt-samai;Plantain Chips Pacific sea salt;Samai;Cora;;d;Chips et frites;2239;32.1;14.3;60.7;7.1;7.1;1;1
8406615;http://world-fr.openfoodfacts.org/produit/08406615/100-pur-jus-orange-sanguine-de-sicile-casino;100% pur jus Orange Sanguine de Sicile;Casino;Casino;;c;Jus d'orange 100% pur jus;190;0;0;10.5;10.5;;0.7;0.02
8,55E+11;http://world-fr.openfoodfacts.org/produit/0854530004447/chicago-style-bagel-chips-sea-salt-hometown-bagel;Chicago Style Bagel Chips Sea Salt;Hometown Bagel;;Œufs,Lait,Fruits à coque;d;Chips et frites;1675;7.2;1.5;71.4;4.1;;13.5;3.2
8,71E+11;http://world-fr.openfoodfacts.org/produit/0870719000208/lemon-puff-bolands;Lemon Puff;Bolands;Le-comptoir-irlandais;Œufs,Lait,Noix-d-arbre;d;Biscuits;1850;14.8;7.9;67;1.1;3;9.5;1.1
8,83E+11;http://world-fr.openfoodfacts.org/produit/0883366000200/melange-de-cereales-granola-divin-fourmi-bionique;Mélange De Céréales Granola Divin;Fourmi bionique;;;a;Petit-déjeuners;920;;3;;18;8;12;0.1
10086988;http://world-fr.openfoodfacts.org/produit/10086988/petit-beurre-schar;Petit beurre;Schär;;;;Biscuits;;;;;;;;
1,01E+12;http://world-fr.openfoodfacts.org/produit/1013287767367/extra-pepites-4-noix-kellogg-s;Extra Pépites 4 Noix;Kellogg's,Extra;;Fruits à coque;d;Petit-déjeuners;2059;24;9.4;59;19;5.2;7.3;0.75
1,02E+12;http://world-fr.openfoodfacts.org/produit/1023374301015/galettes-au-bon-beurre-francais-saint-michel;Galettes au bon beurre français;Saint Michel;;Fruits à coque,Soja;e;Biscuits;1985;16;11;74;25;2;7;0.899999999999999
1,05E+12;http://world-fr.openfoodfacts.org/produit/1049040291718/cacao-rapunzel;Cacao;Rapunzel;côté nature;;;Petit-déjeuners;;;;;;;;
10908767;http://world-fr.openfoodfacts.org/produit/10908767/special-flakes-chocolate-crownfield;Special Flakes Chocolate;Crownfield,Lidl;Lidl;;c;Petit-déjeuners;1716;6.7;3.8;73;16.5;4;11.5;0.55
11218368;http://world-fr.openfoodfacts.org/produit/11218368/100-jus-d-orange-minute-maid;100 % Jus d'orange;Minute Maid;;;;Jus d'orange 100% pur jus;;;;;;;;
11254607;http://world-fr.openfoodfacts.org/produit/11254607/schovit;Schovit;Schovit,Aldi;Aldi;Lait,Soja;d;Petit-déjeuners;1600;3.1;1.4;79.9;78;6.3;4.5;0.5842
11914067;http://world-fr.openfoodfacts.org/produit/11914067/crusti-croc-classique-lidl;Crusti Croc Classique;Lidl;Lidl;Gluten,Lait,Moutarde;d;Chips et frites;2298;34.9;3.2;51.8;0.5;;5.3;1.2
11916444;http://world-fr.openfoodfacts.org/produit/11916444/sable-coco-cacao-au-sirop-d-agave-gerble;Sablé coco cacao au sirop d'agave;Gerblé;;Œufs,Lupin,Lait,Fruits à coque;c;Biscuits;1966;20;5.9;60;13;7.6;8.6;0.779999999999999
1,20E+12;http://world-fr.openfoodfacts.org/produit/1197140574887/biscuits-ble-epautre-et-sesame-casino;Biscuits blé épautre et sésame;Casino;;;;Biscuits;;;;;;;;
1,20E+12;http://world-fr.openfoodfacts.org/produit/1201296720002/chips-salees-ikea;Chips salées;IKEA;Ikéa;;d;Chips et frites;2092;27;2.5;56;0.8;;8.3;1.3
1,20E+12;http://world-fr.openfoodfacts.org/produit/1201509270003/sockerfria-kakor-havre-ikea;Sockerfria Kakor Havre;Ikea;Ikea;Œufs,Lait,Fruits à coque,Soja;e;Biscuits;2060;33;17;51;0.4;;4.8;1
12155697;http://world-fr.openfoodfacts.org/produit/12155697/jus-d-orange-pur-fruit;Jus d'Orange;Pur fruit;;;;Jus d'orange;;;;;;;;
12226787;http://world-fr.openfoodfacts.org/produit/12226787/lay-s-mediterraneenne-nature;Lay's Méditerranéenne Nature;Lay's,Pepsico;;;d;Chips et frites;2132;31;4.7;49;0.5;5.1;6.1;1.7
1,30E+12;http://world-fr.openfoodfacts.org/produit/1301416092405/cocktail-pomme-groseille-au-panier-fermier;Cocktail pomme groseille ;Au panier fermier;La Ruche Qui Dit Oui;;c;Jus de fruits 100% pur jus;175;0.02;0.01;9.9;9.1;;0.3;0.01
1,30E+12;http://world-fr.openfoodfacts.org/produit/1303058010007/kakor-hallon-ikea;Kakor hallon ;Ikea;;;e;Biscuits;1990;19;12;71;37;;4.2;0.53
1,35E+12;http://world-fr.openfoodfacts.org/produit/1350278157838/orange-pamplemousse-a-la-framboise-monop-daily;Orange Pamplemousse à la Framboise;Monop'Daily,Monoprix;;;c;Jus de fruits;182;0.2;0.12;9.2;8.8;1;0.6;0.04
1,40E+12;http://world-fr.openfoodfacts.org/produit/1401290200009/kex-ikea;KEX;Ikea;;Lait,Fruits à coque;d;Biscuits;1757;;1.5;;19;0;7.9;1.4
1,40E+12;http://world-fr.openfoodfacts.org/produit/1402517320005/pepparkaka-ikea;Pepparkaka;Ikea;Ikea;Œufs,Lait,Fruits à coque,Soja;e;Biscuits;1946;17;8.5;72;33;;5.4;1.2
140510;http://world-fr.openfoodfacts.org/produit/140510/sarrasin-souffle%CC%81-au-miel-bio-famille-mary;Sarrasin Souffle? au Miel Bio;Famille Mary;;Lait,Fruits à coque,Arachides,Graines de sésame,Soja;c;Petit-déjeuners;1657;3.8;2.3;82;27.6;4.5;5.2;0.03
14227867;http://world-fr.openfoodfacts.org/produit/14227867/jus-de-citron-solevita;Jus de citron;Solevita;LIDL;;;Jus de fruits;;;;;;;;
1,56E+12;http://world-fr.openfoodfacts.org/produit/1560478798742/palmiers-aux-fromages-carrefour-bio;Palmiers aux Fromages;Carrefour Bio,Carrefour;Carrefour;;;Biscuits;;;;;;;;
1,60E+12;http://world-fr.openfoodfacts.org/produit/1603638610000/munsbit-vert-ikea;Munsbit Vert;Ikea;;;b;Jus de fruits;146;0;0;8;6.6;;0.7;0.04
16720217;http://world-fr.openfoodfacts.org/produit/16720217/drakkar-tous-les-jours;Drakkar;Tous les Jours;Spar;;;Biscuits;;;;;;;;
1,70E+12;http://world-fr.openfoodfacts.org/produit/1701246860005/galettes-doubles-au-chocolat-ikea;Galettes doubles au chocolat;Ikea;Ikea;;e;Biscuits;2117;26;14;61;41;;5.2;0.63
17851213;http://world-fr.openfoodfacts.org/produit/17851213/choco-moooo-pocket-milka;Choco moooo... pocket;Milka;;;;Biscuits;;;;;;;;
1,80E+12;http://world-fr.openfoodfacts.org/produit/1803058080005/kakor-choklad-ikea;Kakor Choklad;Ikea;Ikea;Œufs,Fruits à coque,Soja;e;Biscuits;2075;24;14;64;35;;5.2;0.530000000000001
1,84E+13;http://world-fr.openfoodfacts.org/produit/18437016774004/rosfit-dulces-laly;ROSFit;Dulces Laly;Noz;Fruits à coque,Graines de sésame;b;Biscuits;1615;14.3;1.1;42.5;0.5;;14.1;0.13
2,00E+12;http://world-fr.openfoodfacts.org/produit/2000000001619/chips-saveur-foie-gras-sibell;Chips Saveur Foie Gras;Sibell;Monoprix;;d;Chips et frites;2248;34;3;51;1;4.7;5;1.89992
2,00E+12;http://world-fr.openfoodfacts.org/produit/2000000002450/jus-de-pomme-auchan;Jus de pomme;Auchan;Auchan;;;Jus de pomme;187;0;;11;;;0;
2,00E+12;http://world-fr.openfoodfacts.org/produit/2000000003271/frite-moyenne-quick;Frite moyenne;Quick;Quick;Céleri,Crustacés,Œufs,Poisson,Gluten,Lait,Moutarde,Fruits à coque,Graines de sésame,Soja;c;Chips et frites;1160;12.8;2.09;37.3;0;;3.36;0.0909
2,00E+12;http://world-fr.openfoodfacts.org/produit/2000000003754/petite-frite-mcdonald-s;Petite Frite;Mcdonald's,McCain;McDonald's;;a;Chips et frites;1250;15;1.3;36;0.4;3.8;3.8;0.499999999999999
2,00E+12;http://world-fr.openfoodfacts.org/produit/2000000003779/grande-deluxe-potatoes-mcdonald-s;Grande Deluxe Potatoes;Mcdonald's;McDonald's;;b;Chips et frites;814;8.8;0.9;25;0.3;2.8;3.5;1.1
2,00E+12;http://world-fr.openfoodfacts.org/produit/2000000003781/frites-moyenne-mcdonald-s;Frites Moyenne;McDonald's;McDonald's;;a;Chips et frites;1250;14.9;1.32;36.8;0.351;3.68;3.42;0.482
2,00E+12;http://world-fr.openfoodfacts.org/produit/2000000003788/minute-maid-30cl;Minute Maid (30cl) *;Minute Maid,Mcdonald's;McDonald's;;b;Jus d'orange à base de concentré;188;0;0;11;3.3;0;0;0
2,00E+12;http://world-fr.openfoodfacts.org/produit/2000000007692/soupe-exotique-chinoise-aux-7-parfums-leader-price;Soupe exotique chinoise aux 7 parfums;Leader Price;;;;Soupes;;;;;;;;
2,00E+12;http://world-fr.openfoodfacts.org/produit/2000000008252/pampryl-orange;Pampryl Orange;Pampryl;Le Veneur Noir;;c;Jus d'orange;193;0;0;10.6;9;0;0.8;0
2,00E+12;http://world-fr.openfoodfacts.org/produit/2000000009431/petit-dejeuner-instantane-tonimalt;Petit déjeuner instantané;Tonimalt;;;;Petit-déjeuners;;;;;;;;
2,00E+12;http://world-fr.openfoodfacts.org/produit/2000000009433/petit-dejeuner-instantane-tonimalt;Petit déjeuner instantané;Tonimalt;;;;Petit-déjeuners;;;;;;;;
2,00E+12;http://world-fr.openfoodfacts.org/produit/2000000010019/frites-grandes-salees-kfc;Frites Grandes salées;KFC;KFC;;b;Chips et frites;1200;13.6;1.43;35.7;0.714;2.86;4.29;0.714
2,00E+12;http://world-fr.openfoodfacts.org/produit/2000000010641/poudre-de-cacao-la-maison-du-chocolat;Poudre de Cacao;La Maison du Chocolat;;;;Petit-déjeuners;;;;;;;;
2,00E+12;http://world-fr.openfoodfacts.org/produit/2000000011047/soupe-des-2-paysans-causse-jean-marie;Soupe des 2 Paysans;Causse Jean-Marie;;;;Soupes;;;;;;;;
2,00E+12;http://world-fr.openfoodfacts.org/produit/2000000016505/grande-frite-mcdonald-s;Grande Frite;McDonald's;McDonald's;;a;Chips et frites;1249;15;1.3;37;0.3;3.7;3.4;0.48
2,00E+12;http://world-fr.openfoodfacts.org/produit/2000000017537/mon-jus-de-pomme-bio-pressade;Mon jus de pomme Bio;Pressade;Mcdonald's;;c;Jus de pomme;201;0;0;12;12;;0;0
2,00E+12;http://world-fr.openfoodfacts.org/produit/2000000017785/ptit-beurre-breton-bretagne-specialites;Ptit Beurre Breton;Bretagne Specialités;;Fruits à coque,Soja,Anhydride sulfureux et sulfites;e;Biscuits;2025;20.7;14.5;69;26.7;0;6.2;0.699999999999999
2,00E+12;http://world-fr.openfoodfacts.org/produit/2000000018945/twister-fries-moyenne-portion-mcdonald-s;Twister Fries (moyenne portion);McDonald's;McDonald's;;c;Chips et frites;1111;14;1.2;31;2;2.5;3.7;2
2,00E+12;http://world-fr.openfoodfacts.org/produit/2000000020530/granola-sans-gluten-thank-you-my-deer;Granola Sans Gluten - Thank You My Deer;Thank You My Deer;Thank You My Deer;Fruits à coque,Noix-de-coco;;Petit-déjeuners;2004;20.41;;60.41;;;13.41;
2,00E+12;http://world-fr.openfoodfacts.org/produit/2000000021703/soupe-de-poissons-langoustines-atlantic;Soupe de Poissons & Langoustines;Atlantic;Lidl;Anhydride sulfureux et sulfites;;Soupes;151;1.1;0.3;0.5;;1.3;5.3;1
2,00E+12;http://world-fr.openfoodfacts.org/produit/2000000021927/grand-premium-fries-moyenne-portion-mcdonald-s;Grand Premium Fries (moyenne portion);McDonald's;McDonald's;;b;Chips et frites;987;12;1.1;27;0;3.3;3.3;0.76
2,00E+12;http://world-fr.openfoodfacts.org/produit/2000000022177/jus-d-orange-goldhorn;Jus d'orange;Goldhorn;ALDI;;c;Jus d'orange à base de concentré;179;0;0;8.6;8.6;;0.7;0
2,00E+12;http://world-fr.openfoodfacts.org/produit/2000000024279/gerble-muesli-aux-fruits;Gerblé muesli aux fruits;Gerblé;;;a;Petit-déjeuners;1519;6.8;1.1;59;13;11;11;0.02
2,00E+12;http://world-fr.openfoodfacts.org/produit/2000000024280/crousti-muesli-fruits-rouges-gerble;Crousti Muesli Fruits Rouges;Gerblé;;;a;Petit-déjeuners;1690;10;1.1;61;8.2;13;11;0.56
2,00E+12;http://world-fr.openfoodfacts.org/produit/2000000024630/biscuit-chocolat-cereales-gerlinea;Biscuit chocolat céréales;Gerlinéa;;;d;Biscuits;1824;16;7.5;46;15;8;23;0.98
2,00E+12;http://world-fr.openfoodfacts.org/produit/2000000024713/frites-moyenne-les-rustiques-quick;Frites Moyenne Les Rustiques;Quick;Quick;;c;Chips et frites;805;8.2;0.752;26.5;0.752;;3.08;1.2
2,00E+12;http://world-fr.openfoodfacts.org/produit/2000000026846/winter-fries-moyenne-portion-mcdonald-s;Winter fries (moyenne portion);McDonald's;McDonald's;;a;Chips et frites;983;12;1.5;27;0;3.6;3.6;0.8
2,00E+12;http://world-fr.openfoodfacts.org/produit/2000000029623/biscuits-de-campagne-biscuits-saint-georges;Biscuits de Campagne;Biscuits Saint-Georges;RCIR,Armée de Terre;Œufs,Fruits à coque,Soja;e;Biscuits;1829;11.3;5.3;75.5;15.5;2.5;6.4;3.1
2,00E+12;http://world-fr.openfoodfacts.org/produit/2000000029685/12-legumes-facon-minestrone-recette-italienne-knorr;12 légumes façon minestrone recette italienne;Knorr,Unilever;Carrefour;;b;Soupes;;;;;;;;
2,00E+12;http://world-fr.openfoodfacts.org/produit/2000000031751/veloute-de-tomates-les-printanieres;Velouté de Tomates ;Les Printanières,Soup'idéale;Aldi;;c;Soupes;161;0.5;0.4;7.4;1.7;;0.6;0.73
2,00E+12;http://world-fr.openfoodfacts.org/produit/2000000031752/veloute-de-carottes-a-la-creme-les-printanieres;Velouté de Carottes à la crème;Les Printanières,Soup'idéale;Aldi;Céleri,Crustacés,Œufs,Poisson,Gluten,Mollusques,Moutarde,Fruits à coque,Soja;c;Soupes;136;0.9;0.5;5;1.9;;0.6;0.73
2,00E+12;http://world-fr.openfoodfacts.org/produit/2000000032518/muesli-aux-fraises-travellunch;Muesli aux fraises;Travellunch;RCIR,Armée de Terre;;d;Petit-déjeuners;1565;6.1;1;62.8;28.2;;12.7;0.3
2,00E+12;http://world-fr.openfoodfacts.org/produit/2000000033526/muesli-fruits-rouges-grillon-d-or;Muesli fruits rouges;Grillon d'Or,Naturalia;Naturalia;;a;Petit-déjeuners;1531;3.9;0.8;69.5;9.9;10.2;8.2;0.02
2,00E+12;http://world-fr.openfoodfacts.org/produit/2000000034992/valcao-sagy;Valcao;Sagy;RCIR,Armée de Terre;Lait,Soja;e;Petit-déjeuners;1641.4;1.7;1;86.8;85.2;4.8;3.9;0
2,00E+12;http://world-fr.openfoodfacts.org/produit/2000000036030/frites-petite-burger-king;Frites (petite);Burger King;;;;Chips et frites;;;;;;;;
2,00E+12;http://world-fr.openfoodfacts.org/produit/2000000036031/frites-moyenne-burger-king;Frites (moyenne);Burger King;;;;Chips et frites;;;;;;;;
2,00E+12;http://world-fr.openfoodfacts.org/produit/2000000036032/frites-grande-burger-king;Frites (grande);Burger King;;;c;Chips et frites;1050;10;3.8;34.9;0.2;;3.4;0.9
2,00E+12;http://world-fr.openfoodfacts.org/produit/2000000036533/boisson-cacao-mama-ines;Boisson Cacao;Mama Inés;RCIR,Armée de Terre;;e;Petit-déjeuners;1613.5;2;1.04;87;61;;5;0.0125
2,00E+12;http://world-fr.openfoodfacts.org/produit/2000000036939/creme-de-champignons-neff;Crème de Champignons;Neff,Mada;RCIR,Armée de Terre;;;Soupes;1668.33;13.19;1.22;62.06;7.25;;5.99;11.25
2,00E+12;http://world-fr.openfoodfacts.org/produit/2000000038363/potage-poireaux-et-pommes-de-terre-mada;Potage Poireaux et Pommes de Terre;Mada,Neff;RCIR,Armée de Terre;;;Soupes;1473.36;3.89;0.52;67.94;12.88;;7.48;7.65
2,00E+12;http://world-fr.openfoodfacts.org/produit/2000000041658/oreillettes-traditionnelles-biscuits-arena;Oreillettes Traditionnelles;Biscuits Aréna;Super U;;d;Biscuits;2284;35;3;51;17;;5;0.44
2,00E+12;http://world-fr.openfoodfacts.org/produit/2000000041723/fourres-chocolat-au-lait-bjorg;Fourrés chocolat au lait;Bjorg;;;;Biscuits;;;;;;;;
2,00E+12;http://world-fr.openfoodfacts.org/produit/2000000042705/tablette-chocolat-noir-fourre-caramel-au-beurre-sale-a-la-fleur-de-sel-sans-marque;Tablette chocolat noir fourré caramel au beurre salé à la fleur de sel;Sans marque;La Trinitaine;;e;Petit-déjeuners;2050;26;16;60;47;5.2;5.8;0.18
2,00E+12;http://world-fr.openfoodfacts.org/produit/2000000043066/jus-de-pommes-le-p-tit-fausset;Jus de Pommes;Le p'tit Fausset;BOTANIC;;;Jus de pomme;;;;;;;;
2,00E+12;http://world-fr.openfoodfacts.org/produit/2000000043514/petales-aux-trois-cereales-nature-golden-bridge;Pétales aux trois céréales Nature;Golden Bridge;Aldi;Fruits à coque,Arachides,Graines de sésame,Soja;c;Petit-déjeuners;1573;1.3;0.2;80;10;;8.7;1.1
2,00E+12;http://world-fr.openfoodfacts.org/produit/2000000043520/tresor-max-krunch-kellogg-s;Trésor Max Krunch;Kellogg's;Cora;;d;Petit-déjeuners;1791;11;3;74;29;3.4;6.5;0.98
2,00E+12;http://world-fr.openfoodfacts.org/produit/2000000043521/coco-pops-pepites-multi-cereales-kellogg-s;Coco Pops Pépites multi-céréales;Kellogg's,Coco Pops;Cora;;b;Petit-déjeuners;1887;17;2.5;65;18;4.8;7.2;0.08
2,00E+12;http://world-fr.openfoodfacts.org/produit/2000000043894/harvest-basket-pommes-noisettes-1000gr;Harvest Basket - Pommes Noisettes - 1000gr ;Harvest Basket,Lidl;LIDL;;c;Chips et frites;715;5.5;0.7;26.5;2.5;;2.5;0.9
2,00E+12;http://world-fr.openfoodfacts.org/produit/2000000044300/clusters-crunchy-muesli-chocolat-au-lait-nestle;Clusters Crunchy Muesli Chocolat au lait ;Nestlé,Clusters;Super U;Fruits à coque,Soja;c;Petit-déjeuners;1782;12.2;3.1;67.4;24.4;7.6;7.8;0.33
2,00E+12;http://world-fr.openfoodfacts.org/produit/2000000044887/all-bran-chocolat-kellogg-s;All Bran Chocolat;Kellogg's,All Bran;;Fruits à coque;c;Petit-déjeuners;1661;9;6;64;19;10;10;0.02
2,00E+12;http://world-fr.openfoodfacts.org/produit/2000000045033/jumblies-chocolat-et-eclats-de-noisette-auchan;Jumblies Chocolat et Eclats de Noisette;Auchan,Jumblies;Auchan,Simply Market;Fruits à coque,Arachides,Graines de sésame,Soja;d;Petit-déjeuners;1766;14;3.1;68;42;4;6;0.508
2,00E+12;http://world-fr.openfoodfacts.org/produit/2000000045251/cereales-fourrees-fraise-gedis;Céréales fourrées Fraise;Gedis;;;;Petit-déjeuners;1636;3;0.5;83;24;1.5;7.1;
2,00E+12;http://world-fr.openfoodfacts.org/produit/2000000045558/crica-caramel-et-cacao-chabrior;Crica' Caramel et Cacao;Chabrior,Intermarché,Les Mousquetaires,Sélection Intermarché;Intermarché;Fruits à coque,Arachides;c;Petit-déjeuners;1833;13.6;2.5;69.4;33.9;4.3;7.2;0.16
2,00E+12;http://world-fr.openfoodfacts.org/produit/2000000045561/milkis-au-lait-carrefour-kids;Milkis au Lait;Carrefour Kids;Carrefour;;d;Petit-déjeuners;1828;13;7;69;36;3;9;0.33
2,00E+12;http://world-fr.openfoodfacts.org/produit/2000000045785/mon-jus-de-pomme-bio-mcdonald-s;Mon Jus de Pomme Bio;McDonald's,Pressade;McDonald's;;c;Jus de pomme;201;0;0;12;12;;0;0
2,00E+12;http://world-fr.openfoodfacts.org/produit/2000000048762/sultana-fruit-biscuit-saveur-fruits-rouges-verkade;SULTANA Fruit Biscuit saveur fruits rouges;VERKADE,Sultana;Leclerc;Œufs,Fruits à coque,Graines de sésame,Soja;d;Biscuits;1657;7.2;0.7;75.8;37.5;2.5;5.6;0.61
2,00E+12;http://world-fr.openfoodfacts.org/produit/2000000049257/biscuits-de-campagne-sales-cereales-sans-marque;Biscuits de Campagne Salés/Céréales;Sans marque;RCIR,Armée de Terre;Œufs,Fruits à coque,Soja;;Biscuits;;;;;;;;
2,00E+12;http://world-fr.openfoodfacts.org/produit/2000000052047/palets-solognots-biscuiterie-de-chambord;Palets solognots;Biscuiterie de Chambord;Leclerc;;e;Biscuits;2087.4;24.5;16.3;64.4;37.3;1.7;5.5;0.15
2,00E+12;http://world-fr.openfoodfacts.org/produit/2000000053463/jus-de-pommes-l-arbre-a-pommes;Jus de Pommes;L'Arbre à Pommes, EARL Du Haut Plessis;;;;Jus de pomme;;;;;;;;
2,00E+12;http://world-fr.openfoodfacts.org/produit/2000000182070/premium-tropicana;premium ;tropicana;;;;Jus d'orange 100% pur jus;;;;;;;;
2,00E+12;http://world-fr.openfoodfacts.org/produit/2000000900162/petales-o-choc-terres-et-cereales-bio;Pétales O Choc;Terres Et Cereales Bio;;;c;Petit-déjeuners;1561;3;2.3;68.5;20.3;9.5;9.5;0.459999999999999
2,00E+12;http://world-fr.openfoodfacts.org/produit/2000005351013/assortiment-de-biscuits-de-noel-becky-s;Assortiment de Biscuits de Noël;Becky's;;Œufs,Fruits à coque;e;Biscuits;2147;25.5;14;64.8;24.8;;5.4;0.3
20001216;http://world-fr.openfoodfacts.org/produit/20001216/flakers-choco-crownfield;Flakers Choco;Crownfield;Lidl;Lait,Fruits à coque,Arachides;c;Petit-déjeuners;1610;2.1;1;79;28.8;5;8.8;0.6858
20005382;http://world-fr.openfoodfacts.org/produit/20005382/sprits-pur-beurre-sondey;Sprits Pur beurre ;Sondey,Lidl;Lidl;;d;Biscuits;2304;31;21;62;24;2.4;4.9;0.18
20008512;http://world-fr.openfoodfacts.org/produit/20008512/frites-harvest-basket;Frites;Harvest Basket;lidl;;b;Chips et frites;564;3.4;0.4;22.1;0.5;;2.3;0.15
20008574;http://world-fr.openfoodfacts.org/produit/20008574/riz-souffle-au-chocolat-crownfield;Riz soufflé au chocolat;Crownfield;Lidl;Lait,Fruits à coque,Arachides;c;Petit-déjeuners;1640;3;1.7;82.7;34.2;3.9;5.4;0.508
20010373;http://world-fr.openfoodfacts.org/produit/20010373/boules-cereales-au-chocolat-crownfield;Boules céréales au chocolat;Crownfield;Lidl;Lait,Fruits à coque,Arachides;c;Petit-déjeuners;1640;4;1.2;77.5;29.4;6.9;7;0.6604
20014834;http://world-fr.openfoodfacts.org/produit/20014834/tortilla-chili-crusti-croc;Tortilla Chili;Crusti Croc,Lidl;Lidl;Gluten,Lait;d;Chips et frites;1975;20;2;64.4;1.5;;6.6;1.6
20015770;http://world-fr.openfoodfacts.org/produit/20015770/vitafit-cocktail-tropical;Vitafit Cocktail tropical;Vitafit;Lidl;;c;Jus de fruits;179;0.2;0;9.8;9.8;0.3;0.3;0.0254
20019907;http://world-fr.openfoodfacts.org/produit/20019907/citron-vitafit;Citron;Vitafit;Lidl;;b;Jus de fruits;113;0.01;0;2;2;0;0.4;0
20022365;http://world-fr.openfoodfacts.org/produit/20022365/tartelettes-lidl;Tartelettes;Lidl;LIDL;Fruits à coque,Soja;;Biscuits;1828;14;;73;;;4.7;
20026578;http://world-fr.openfoodfacts.org/produit/20026578/gaufrettes-roulees-chocolat-noir-favorini;Gaufrettes roulées chocolat noir;Favorini,Sondey;Lidl;Œufs,Gluten,Lait,Traces-eventuelles-de-soja;e;Biscuits;2245;30.6;20.9;58.2;33.5;;5.8;0.44
20026776;http://world-fr.openfoodfacts.org/produit/20026776/pur-jus-de-pomme-etre-bio;Pur jus de pomme ;Etre Bio,Norma;Norma;;c;Jus de pomme;197;0.1;0.02;11;10.5;0.2;0.1;0.0254
20030049;http://world-fr.openfoodfacts.org/produit/20030049/choco-pouce-sondey;Choco Pouce;Sondey;Lidl;;e;Biscuits;2116;25;15;62;36;2.3;7;0.254
20034184;http://world-fr.openfoodfacts.org/produit/20034184/amaretti-italian-biscuits-italiamo;Amaretti Italian Biscuits;Italiamo;LIDL;Gluten,Fruits à coque;d;Biscuits;1840;10.2;0.6;77.7;74;;6.9;0.2
20057459;http://world-fr.openfoodfacts.org/produit/20057459/gouters-fourres-gout-vanille-sondey;Gouters fourrés goût Vanille;Sondey;Lidl;Œufs,Fruits à coque,Soja,Anhydride sulfureux et sulfites;e;Biscuits;2085;21;13;71;36;2;5;0.254
20063399;http://world-fr.openfoodfacts.org/produit/20063399/tortilla-mais-chips-classic-crusti-croc;Tortilla mais-chips classic;Crusti croc;Lidl;Gluten,Lait;c;Chips et frites;1979;20;2;64.4;1.5;0;6.6;0.899999999999999
20065478;http://world-fr.openfoodfacts.org/produit/20065478/brioche-pur-beurre-aux-oeufs-tranchee-maitre-jean-pierre;Brioche Pur beurre-Aux oeufs-Tranchée;Maître Jean Pierre;;Fruits à coque;d;Petit-déjeuners;1506;12.5;8;53;11;;7.5;1.06
20067250;http://world-fr.openfoodfacts.org/produit/20067250/ble-souffle-au-caramel-crownfield;Blé soufflé au caramel;Crownfield;Lidl;Lait,Fruits à coque,Arachides;c;Petit-déjeuners;1598;1.5;0.1;81.3;34;6;6;0.0254
20070519;http://world-fr.openfoodfacts.org/produit/20070519/mouline-de-7-legumes-varies-toque-du-chef;Mouliné de 7 légumes variés;Toque du chef;Lidl;;b;Soupes;136;1.2;0.6;4.4;1.4;1.7;1;0.762
20071943;http://world-fr.openfoodfacts.org/produit/20071943/fruchte-musli-master-crumble;Früchte - Müsli;Master Crumble;Lidl;Lait,Fruits à coque,Arachides,Graines de sésame,Soja;b;Petit-déjeuners;1406;4.4;1.3;61.4;24.5;9.3;8;0.1
20077310;http://world-fr.openfoodfacts.org/produit/20077310/chips-nature-crusti-croc;Chips nature;Crusti croc;Lidl;Céleri,Gluten,Lait,Soja;c;Chips et frites;2276;34;2.7;52;0.5;4;6;1.524
20077327;http://world-fr.openfoodfacts.org/produit/20077327/paprika-crusti-croc;Paprika;Crusti Croc;Lidl;Céleri,Soja;d;Chips et frites;2251;34;2.7;50.5;2.2;;6;1.68
20080990;http://world-fr.openfoodfacts.org/produit/20080990/chips-saveur-paprika-pfiff;Chips saveur paprika;Pfiff;Norma;Moutarde;d;Chips et frites;2280;35;3.3;50.2;1.4;5;5.4;1.74
20082986;http://world-fr.openfoodfacts.org/produit/20082986/envitas-cereales-pepites-de-chocolat-sondey;Envitas Céréales & Pépites de Chocolat;Sondey,Lidl;;Œufs,Fruits à coque,Arachides;d;Biscuits;1945;17.5;4;64.5;28;7;8.5;0.72
20083960;http://world-fr.openfoodfacts.org/produit/20083960/boules-cereales-au-cacao-crownfield;Boules céréales au cacao;crôwnfield;Lidl;Lait,Fruits à coque,Arachides;b;Petit-déjeuners;1616;3.3;0.9;71.9;22.4;9.1;11.7;0.65
20089986;http://world-fr.openfoodfacts.org/produit/20089986/biscuits-petit-dejeuner-cereales-chocolat-delices-de-kerloch;Biscuits Petit Déjeuner Céréales & chocolat;Délices de Kerloch;Lidl;Œufs,Fruits à coque,Arachides;d;Petit-déjeuners;1758;15;7;58;28;8;9;1.16
20092924;http://world-fr.openfoodfacts.org/produit/20092924/craquante-saveur-sour-cream-cheese-crusti-croc;Craquante saveur sour cream & cheese;Crusti Croc;Lidl;Céleri,Gluten,Soja;d;Chips et frites;2251;34;2.7;50.5;3.3;;6;1.78
20093273;http://world-fr.openfoodfacts.org/produit/20093273/pur-jus-d-ananas-vitafit;Pur Jus d'Ananas;Vitafit;LIDL;;c;Jus de fruits 100% pur jus;209;0.03;0.01;11.4;11.4;;0.3;0
20093709;http://world-fr.openfoodfacts.org/produit/20093709/galettes-bretonnes-saveurs-de-nos-regions;Galettes Bretonnes;Saveurs de nos régions;LIDL;Fruits à coque,Soja;e;Biscuits;2013;19;13;70;30;2;6;1.26
20095000;http://world-fr.openfoodfacts.org/produit/20095000/craquante-nature-crusti-croc;Craquante nature;Crusti Croc;Lidl;Céleri,Gluten,Lait,Soja;c;Chips et frites;2259;34;2.7;50.5;0.5;4;6;1.5
2,01E+12;http://world-fr.openfoodfacts.org/produit/2010000004951/pains-chocolat-x-5-match;Pains chocolat (x 5) - Match;Match;Match;Céleri,Crustacés,Œufs,Poisson,Gluten,Lupin,Lait,Mollusques,Moutarde,Fruits à coque,Arachides,Graines de sésame,Soja,Anhydride sulfureux et sulfites;;Petit-déjeuners;;;;;;;;
20101791;http://world-fr.openfoodfacts.org/produit/20101791/muesli-croustillant-crownfield;Muesli croustillant;Crownfield;;;;Petit-déjeuners;;;;;;;;
20103767;http://world-fr.openfoodfacts.org/produit/20103767/beignets-de-crevettes-crusti-croc;Beignets de crevettes;Crusti Croc,Vitasia;Lidl;;e;Chips et frites;2377;30.4;3;53.5;6.3;0;1.7;2.19
20108401;http://world-fr.openfoodfacts.org/produit/20108401/bio-muesli-croustillant-crownfield;Bio muesli croustillant ;Crownfield;;Fruits à coque,Arachides,Graines de sésame,Soja;d;Petit-déjeuners;1820;15.3;5.9;60.1;26.4;8.6;9.6;0.44
20108405;http://world-fr.openfoodfacts.org/produit/20108405/crownfield;;Crownfield;;;;Petit-déjeuners;;;;;;;;
20108656;http://world-fr.openfoodfacts.org/produit/20108656/jus-de-pomme-vitafit;Jus de Pomme;Vitafit,Lidl;Lidl;;c;Jus de fruits à base de concentré;188;0.1;0;10.5;10;0;0.1;0
20108663;http://world-fr.openfoodfacts.org/produit/20108663/jus-d-orange-a-base-de-concentre-vitafit;Jus d'orange à base de concentré;Vitafit;Lidl;;c;Jus d'orange à base de concentré;186;0.2;0.1;9;9;;0.7;0.01
20113690;http://world-fr.openfoodfacts.org/produit/20113690/orange;Orange;;;;;Jus d'orange 100% pur jus;;;;;;;;
20113773;http://world-fr.openfoodfacts.org/produit/20113773/special-flakes-riz-et-ble-crownfield;Special Flakes Riz et Blé;Crownfield,Lidl;Lidl;;a;Petit-déjeuners;1605;1;0.4;78.6;10.9;3;12.2;0.6858
20127541;http://world-fr.openfoodfacts.org/produit/20127541/petit-beurre-au-chocolat-noir-delicia;Petit Beurre au Chocolat Noir;Delicia;Norma;Œufs,Fruits à coque;e;Biscuits;2035;22.1;13.8;63.5;37;4.1;6.2;0.65024
20129125;http://world-fr.openfoodfacts.org/produit/20129125/fortune-cookies-vitasia;Fortune cookies;Vitasia;Lidl;;;Biscuits;1695;4.6;;83.1;;;6.6;
2,01E+12;http://world-fr.openfoodfacts.org/produit/2013127711818/special-k-nature-kellogg-s;Spécial K Nature;Kellogg's;Amazon Pantry;Gluten,Lait;c;Petit-déjeuners;1588;1.5;0.3;79;15;4.5;9;1
20132170;http://world-fr.openfoodfacts.org/produit/20132170/speculoos-sondey;Spéculoos;Sondey,Belgix;Lidl;Lait,Soja;e;Biscuits;2025;18;8.6;74;34;1.7;5.7;0.85
20133849;http://world-fr.openfoodfacts.org/produit/20133849/banana-chocolate-puffs-crownfield;Banana Chocolate Puffs;Crownfield;Lidl;Fruits à coque,Arachides;d;Petit-déjeuners;1806;10.5;7.5;75;37.5;4;6.5;0.1524
20133856;http://world-fr.openfoodfacts.org/produit/20133856/honey-chocolate-puffs-crownfield;Honey Chocolate Puffs;Crownfield;Lidl;Fruits à coque,Arachides;d;Petit-déjeuners;1765;7.9;3.9;76.3;36.2;4.5;8.2;0.0762
20134075;http://world-fr.openfoodfacts.org/produit/20134075/pur-jus-de-grenade-bio-bio-sonne;Pur Jus De Grenade Bio;Bio Sonne;;;d;Jus de fruits 100% pur jus;251;;0;;13;0;0.7;0.0299999999999999
20136307;http://world-fr.openfoodfacts.org/produit/20136307/brasilia-catago;Brasilia;Catago;;Arachides,Graines de sésame;e;Biscuits;2253;31;21;58.1;55.6;;5.4;0.14
20143824;http://world-fr.openfoodfacts.org/produit/20143824/biscino-chocolat-noir-sondey;Biscino Chocolat Noir;Sondey;Lidl;;e;Biscuits;2054;23.3;14.8;60.5;30.9;;6.9;0.38
20151140;http://world-fr.openfoodfacts.org/produit/20151140/tortilla-chips-sweet-sour-vitasia;Tortilla chips sweet&sour;Vitasia,Vitasia China;Lidl;Gluten,Lait;d;Chips et frites;1979;20;2;64.4;1.5;;6.6;1.3
20151553;http://world-fr.openfoodfacts.org/produit/20151553/muesli-bio-croustillant-a-la-noix-de-coco-et-au-miel-bio-sonne;Muesli Bio Croustillant à la Noix de Coco et au Miel;Bio Sonne;;;d;Petit-déjeuners;1837;;6.1;;22.7;7.4;8.5;0.18
20151591;http://world-fr.openfoodfacts.org/produit/20151591/muesli-bio-aux-fruits-seches-bio-sonne;Muesli bio aux fruits séchés;Bio Sonne;Norma;;a;Petit-déjeuners;1510;7;2.9;61;16.1;9.1;8.3;0.04
20159917;http://world-fr.openfoodfacts.org/produit/20159917/corn-flakes-crownfield;Corn Flakes;Crownfield;Lidl;Lait,Fruits à coque,Arachides;a;Petit-déjeuners;1579;0.3;0.1;81.5;6;4.7;8.5;0.979999999999999
20166168;http://world-fr.openfoodfacts.org/produit/20166168/le-sfoglie-puff-pasty-italiamo;Le Sfoglie, Puff Pasty;Italiamo;Lidl;Gluten,Autres-cereales;e;Biscuits;2238;29.8;14.3;54.9;18.8;;6.7;0.77
20169329;http://world-fr.openfoodfacts.org/produit/20169329/nut-clusters-crownfield;Nut Clusters;Crownfield;Lidl;Lait,Fruits à coque,Arachides;c;Petit-déjeuners;1699;9.3;1.8;64.4;20.9;10.8;10.8;0.58
20169729;http://world-fr.openfoodfacts.org/produit/20169729/nut-clusters-crownfield;Nut Clusters;Crownfield;Lidl;Lait,Fruits à coque,Arachides;c;Petit-déjeuners;1699;9.3;1.8;64.4;20.9;10.8;10.8;0.58
20173234;http://world-fr.openfoodfacts.org/produit/20173234/fish-soup-with-norwegian-lobster-duc-de-coeur;Fish soup with Norwegian lobster;Duc De Coeur;Lidl;;b;Soupes;150;1.1;0.3;0.5;0.5;1.3;5.3;1
2,02E+12;http://world-fr.openfoodfacts.org/produit/2017427870107/cranberry-carrefour-bio;Cranberry;Carrefour bio;carrefour;;b;Jus de fruits;146;0;0;8.1;7.9;;0.5;0.01
20177234;http://world-fr.openfoodfacts.org/produit/20177234/soupe-de-poissons-et-langoustines-saveurs-de-nos-regions;Soupe de poissons et langoustines;Saveurs de nos régions;;;b;Soupes;124;1.1;0.4;0.5;0.5;;4.9;0.87
20178833;http://world-fr.openfoodfacts.org/produit/20178833/corn-flakes-golden-breakfast;Corn flakes;Golden breakfast;;;c;Petit-déjeuners;1588;0.8;0.2;83;5.9;2.7;7.4;1.8
2,02E+12;http://world-fr.openfoodfacts.org/produit/2018840888823/pur-jus-de-citron-jardin-bio;Pur jus de citron;Jardin Bio,Léa Nature;;;;Jus de fruits 100% pur jus;;;;;;;;
20190736;http://world-fr.openfoodfacts.org/produit/20190736/melange-de-jus-de-fruits-vitafit;Mélange de jus de fruits;Vitafit;LIDL;;c;Jus de fruits à base de concentré;192;0.03;0.01;10.3;9.9;0.3;0.3;0
20195984;http://world-fr.openfoodfacts.org/produit/20195984/muesli-bio-aux-4-fruits-rouges-bio-sonne;Muesli bio aux 4 fruits rouges;Bio Sonne;Norma;;a;Petit-déjeuners;1467;3.7;0.7;65.2;18.1;8.1;9.2;0.06
20197273;http://world-fr.openfoodfacts.org/produit/20197273/ananas-100-pur-jus-solevita;Ananas 100% pur jus;Solevita;;;d;Jus de fruits 100% pur jus;216;0.1;0.1;11.5;11.5;;0.4;0.01
20201401;http://world-fr.openfoodfacts.org/produit/20201401/muesli-bio-bio-sonne;Muesli bio;Bio sonne;;;c;Petit-déjeuners;1855;19;6.5;54;22;9.5;9.3;0.22
20201456;http://world-fr.openfoodfacts.org/produit/20201456/solevita-100-pur-jus;Solevita 100% Pur jus;Solevita;Lidl;;c;Jus d'orange 100% pur jus;180;0.2;0.1;9;9;0.7;0.7;0
20201797;http://world-fr.openfoodfacts.org/produit/20201797/muesli-croustillant-aux-fruits-crownfields;Muesli croustillant aux fruits;Crownfields;;;;Petit-déjeuners;;;;;;;;
20201817;http://world-fr.openfoodfacts.org/produit/20201817/muesli-croustillant-au-eclat-de-choco-crownfield;Muesli croustillant au eclat de choco;Crownfield;;Lupin,Fruits à coque,Graines de sésame,Soja;;Petit-déjeuners;;;;;;;;
20202972;http://world-fr.openfoodfacts.org/produit/20202972/zwiebelsuppe-kania;Zwiebelsuppe;Kania;;;;Soupes;;;;;;;;
20202996;http://world-fr.openfoodfacts.org/produit/20202996/champignoncreme-suppe-kania;Champignoncreme-suppe;Kania;;;;Soupes;;;;;;;;
20205546;http://world-fr.openfoodfacts.org/produit/20205546/jus-multivitamine-vitafit;Jus multivitaminé;Vitafit;Lidl;;d;Jus de fruits;230;;0.01;;11.8;0;0.5;0.0299999999999999
20206642;http://world-fr.openfoodfacts.org/produit/20206642/special-flakes-chocolate-crownfield;Special Flakes Chocolate;Crownfield;Lidl;Fruits à coque,Arachides;c;Petit-déjeuners;1716;6.7;3.8;73;16.5;4;11.5;0.5588
20208622;http://world-fr.openfoodfacts.org/produit/20208622/smoothie-peche-raisin-framboises-chef-select-to-go;Smoothie Pêche, Raisin, & Framboises;Chef Select TO GO;Lidll;;c;Jus de fruits;212;0.2;0.1;10.5;10.3;;0.6;0.01
20208639;http://world-fr.openfoodfacts.org/produit/20208639/smoothie-pomme-banane-mangue-chef-select-to-go;Smoothie pomme, banane, mangue;Chef select to go;Lidll;;c;Jus de fruits;234;0.1;0.1;12.3;11.9;1;0.6;0
20208887;http://world-fr.openfoodfacts.org/produit/20208887/tortilla-cheese-crousti-croc;Tortilla cheese;Crousti croc;;Gluten;d;Chips et frites;1979;20;2;64.4;1.5;;6.6;1.6
20210090;http://world-fr.openfoodfacts.org/produit/20210090/pur-jus-de-pamplemousse-vitafit;Pur jus de pamplemousse;Vitafit;LIDL;;c;Jus de pamplemousse;163;0.1;0.02;7.6;7.6;0;0.6;0.01
20211141;http://world-fr.openfoodfacts.org/produit/20211141/captain-rondo-choco-duo-sondey;Captain Rondo Choco Duo;sondey;;Œufs,Fruits à coque,Soja,Anhydride sulfureux et sulfites;e;Biscuits;2067;21;14;67;34;;7;0.53
20212223;http://world-fr.openfoodfacts.org/produit/20212223/biscuits-pour-le-petit-dejeuner-au-muesli-et-aux-fruits-sondey;Biscuits pour le petit déjeuner au muesli et aux fruits;Sondey;Lidl;Œufs,Fruits à coque,Arachides,Soja;d;Petit-déjeuners;1816;16;6.5;65;26;4;7;0.762
20213671;http://world-fr.openfoodfacts.org/produit/20213671/barquettes-fraise-sondey;Barquettes fraise;Sondey,Lidl;Lidl;Lait,Fruits à coque;d;Biscuits;1464;2.1;0.5;78;60;;4.2;0.08
20216702;http://world-fr.openfoodfacts.org/produit/20216702/sfogliatine-glassate-italiamo;Sfogliatine Glassate;Italiamo;Lidl;Fruits à coque;e;Biscuits;2204;30;14.1;56.5;19.1;;6.7;0.7
2,02E+12;http://world-fr.openfoodfacts.org/produit/2022048299992/salted-ridged-chips-hema;Salted Ridged Chips;Hema;Hema;Céleri,Gluten,Lait,Moutarde,Soja;c;Chips et frites;2293;34.6;3.5;51.4;0.5;3.9;5.7;1.4
20221478;http://world-fr.openfoodfacts.org/produit/20221478/pur-jus-de-4-agrumes-vitafit;Pur jus de 4 agrumes Vitafit;Vitafit;Lidl,LIDL;;c;Jus de fruits 100% pur jus;185;0.5;0.1;9;9;0.3;0.7;0.01
20241058;http://world-fr.openfoodfacts.org/produit/20241058/veloute-de-potiron-toque-du-chef;Velouté de Potiron;Toque du Chef,Lidl;Lidl;;;Soupes;;;;;;;;
20243319;http://world-fr.openfoodfacts.org/produit/20243319/chips-salees-crusti-croc;Chips salées;Crusti croc;Lidl;Céleri,Œufs,Gluten,Lait,Moutarde,Soja,en:Arachides;d;Chips et frites;2192;34;2.8;49.6;0.6;;5.9;1.3
20243326;http://world-fr.openfoodfacts.org/produit/20243326/chips-a-l-ancienne-crusti-croc;Chips à l'ancienne;crusti croc;;Gluten,Lait,Moutarde,Arachides,Soja;d;Chips et frites;2300;39;2.7;43;0.6;;5.4;1.3
20243726;http://world-fr.openfoodfacts.org/produit/20243726/chips-a-l-ancienne-nature-crusti-croc;Chips à l'ancienne nature;Crusti Croc;Lidl;Gluten,Lait,Moutarde,Arachides,Soja,Cereales;d;Chips et frites;2300;39;2.7;43;0.6;;5.4;1.30048
20245121;http://world-fr.openfoodfacts.org/produit/20245121/muesli-croustillant-au-sirop-d-erable-et-aux-noix-de-pecan-crownfield;Muesli Croustillant au sirop d'érable et aux noix de pécan;Crownfield;;;;Petit-déjeuners;;;;;;;;
20245900;http://world-fr.openfoodfacts.org/produit/20245900/jus-d-orange-sans-pulpe-sans-marque;Jus d'Orange sans pulpe;Sans marque;Lidl;;c;Jus d'orange 100% pur jus;176;0.06;0.02;9;9;0.7;0.7;0.02
20250461;http://world-fr.openfoodfacts.org/produit/20250461/jus-multivitamine-solevita;Jus multivitaminé;Solevita,Vitafit,Lidl;LIDL;;d;Jus de fruits à base de concentré;234;0.1;0.01;12.2;11.7;;0.4;0.02
20254162;http://world-fr.openfoodfacts.org/produit/20254162/jus-d-orange-sanguine-vitafit;Jus d'orange sanguine;Vitafit;;;c;Jus d'orange 100% pur jus;188;;0.1;;9.8;0.1;0.6;0
20269630;http://world-fr.openfoodfacts.org/produit/20269630/cereales-fourrees-au-chocolat-crownfield;Céréales fourrées au chocolat ;Crownfield;Lidl;Fruits à coque,Arachides;d;Petit-déjeuners;1874;15;4.5;68;29.8;5.5;7;0.55
20274653;http://world-fr.openfoodfacts.org/produit/20274653/boudoirs-sondey;Boudoirs;Sondey;LIDL;;d;Biscuits;1649;3;0.9;83;54;;7.4;0.08
20276607;http://world-fr.openfoodfacts.org/produit/20276607/galettes-au-beurre-catago;Galettes au beurre;Catago;Lidl;Fruits à coque;e;Biscuits;2014;16.3;10.4;74.7;42;1.3;5.9;0.48
20278434;http://world-fr.openfoodfacts.org/produit/20278434/boules-au-miel-crownfield;Boules au miel;Crownfield;Lidl;Lait,Fruits à coque,Arachides;c;Petit-déjeuners;1635;1.8;0.3;85;28.4;2;6.3;0.6858
20297183;http://world-fr.openfoodfacts.org/produit/20297183/paprika-xxl-crusti-croc;Paprika XXL;Crusti Croc;Lidl;Céleri,Soja;d;Chips et frites;2251;34;2.7;50.5;2.2;;6;1.68
20302979;http://world-fr.openfoodfacts.org/produit/20302979/liodoro-amande-sondey;Liodoro Amande;Sondey;Lidl;Fruits à coque;e;Biscuits;2266;34.1;16;50.6;28.3;;7;0.43
20302993;http://world-fr.openfoodfacts.org/produit/20302993/liodoro-vanille-sondey;Liodoro Vanille;Sondey;LIDL,Lidl;Fruits à coque;e;Biscuits;2223;31.5;15.4;56.8;21.6;;4.7;0.499999999999999
2,03E+12;http://world-fr.openfoodfacts.org/produit/2030500386128/pain-au-chocolat-x-5-pur-beurre-auchan;Pain au chocolat (x 5) Pur Beurre;Auchan;Auchan;;;Petit-déjeuners;;;;;;;;
20308986;http://world-fr.openfoodfacts.org/produit/20308986/liodoro-noix-de-coco-sondey;Liodoro noix de coco;Sondey;LIDL;;e;Biscuits;2330;36;21.6;52;26.2;;5.2;0.43
20332389;http://world-fr.openfoodfacts.org/produit/20332389/fines-crepes-dentelle-saveurs-de-nos-regions;Fines Crêpes Dentelle;Saveurs de nos Régions,Lidl;Lidl;;e;Biscuits;1971;17;11.5;72.2;35;2;6.3;0.55
20338053;http://world-fr.openfoodfacts.org/produit/20338053/barbecue-crusti-croc;Barbecue;Crusti Croc;Lidl;Céleri,Lait,Soja;d;Chips et frites;2251;34;2.7;50.5;2.8;;6;1.5
20338077;http://world-fr.openfoodfacts.org/produit/20338077/saveur-bolognaise-crusti-croc;Saveur Bolognaise;Crusti Croc;LIDL,Lidl;Soja;d;Chips et frites;2251;34;2.7;50.5;1.7;;6;1.35
20341046;http://world-fr.openfoodfacts.org/produit/20341046/apple-juice-from-concentrate-vitafit;Apple Juice from Concentrate;vitafit;Lidl;;c;Jus de fruits à base de concentré;190;0.1;0.1;10.5;10;;0.1;0.01
20344511;http://world-fr.openfoodfacts.org/produit/20344511/pur-jus-d-orange-avec-pulpe-vitafit;Pur jus d'orange avec pulpe;Vitafit,LIDL;LIDL;;c;Jus d'orange 100% pur jus;176;0.5;0.1;9;9;0;0.7;0.01
20352851;http://world-fr.openfoodfacts.org/produit/20352851/jus-d-orange-a-base-de-jus-d-orange-concentre-xxl-solevita;Jus d'orange à base de jus d'orange concentré (XXL);Solevita;LIDL;;c;Jus d'orange à base de concentré;186;0.2;0.1;9;9;;0.7;0.01
20364502;http://world-fr.openfoodfacts.org/produit/20364502/choco-hoops-crownfield;Choco Hoops;Crownfield;Lidl;Lait,Fruits à coque,Arachides;c;Petit-déjeuners;1609;2.9;0.9;75.6;23.5;7.7;9.1;0.68
20369866;http://world-fr.openfoodfacts.org/produit/20369866/pur-jus-multifruits-vitafit;Pur jus multifruits;vitafit;Lidl;;d;Jus de fruits 100% pur jus;222;0.2;0.01;11.8;11.5;;0.4;0
20376451;http://world-fr.openfoodfacts.org/produit/20376451/pur-jus-de-pomme-100-solevita;Pur jus de pomme 100%;Solevita,Vitafit;Lidl;;c;Jus de pomme;197;0.1;0.01;11;10.5;0;0.1;0
20381523;http://world-fr.openfoodfacts.org/produit/20381523/evo-choc-sondey;Evo Choc;Sondey;Lidl;Graines de sésame;e;Biscuits;2054;23;4.5;63;36;;6;0.72
20386451;http://world-fr.openfoodfacts.org/produit/20386451/jus-de-pomme-vitafit;Jus de Pomme;Vitafit,Lidl;Lidl;;c;Jus de pomme;198;0.12;0.02;11;10.5;;0.12;0.004
20387150;http://world-fr.openfoodfacts.org/produit/20387150/creme-de-potiron-et-chataigne-toque-du-chef;Crème de potiron et châtaigne;Toque du chef;lidl;Céleri,Crustacés,Œufs,Poisson,Gluten,Mollusques,Moutarde,Fruits à coque,Soja;c;Soupes;151;1.4;0.9;4.4;2.1;;0.7;0.77
20396141;http://world-fr.openfoodfacts.org/produit/20396141/palmiers-sondey;Palmiers;Sondey;;;e;Biscuits;2233;30.5;16;58;20;;6;1.52
20396886;http://world-fr.openfoodfacts.org/produit/20396886/jus-d-orange-sans-pulpe-vitafit;Jus d'Orange sans Pulpe;Vitafit;Lidl;;c;Jus d'orange 100% pur jus;188;0.2;0.1;9.4;9.4;0.1;0.8;0.01
20398866;http://world-fr.openfoodfacts.org/produit/20398866/pur-jus-d-ananas-vitafit;Pur jus d'ananas;Vitafit;Lidl;;c;Jus de fruits 100% pur jus;209;0.03;0.01;11.4;11.4;0;0.3;0.01
20398873;http://world-fr.openfoodfacts.org/produit/20398873/vitafit-multifrucht-saft;Vitafit Multifrucht Saft;Vitafit;;;d;Jus de fruits;226;;0.1;;12.2;0;0.4;0.01
20409559;http://world-fr.openfoodfacts.org/produit/20409559/pommes-rissolees-harvest-basket;Pommes Rissolées;Harvest Basket;Lidl;;b;Chips et frites;540;3.6;0.4;20.3;0.2;;2.6;0.06
20419453;http://world-fr.openfoodfacts.org/produit/20419453/honey-hoops-crownfield;Honey Hoops;Crownfield;;;;Petit-déjeuners;;;;;;;;
20419455;http://world-fr.openfoodfacts.org/produit/20419455/honey-hoops-crownfield;Honey Hoops;Crownfield;Lidl;Lait,Fruits à coque,Arachides;c;Petit-déjeuners;1620;2.4;0.2;81.2;35.1;5.5;6.3;0.635
20425609;http://world-fr.openfoodfacts.org/produit/20425609/multigrain-hoops-crownfield;Multigrain Hoops;Crownfield;Lidl;Lait,Fruits à coque,Arachides;b;Petit-déjeuners;1607;3;0.3;76.6;18.5;8;7.5;0.65
20440169;http://world-fr.openfoodfacts.org/produit/20440169/veloute-de-tomates-toque-du-chef;Velouté de tomates;Toque du Chef;LIDL;Céleri,Crustacés,Œufs,Poisson,Gluten,Mollusques,Moutarde,Fruits à coque,Soja;c;Soupes;182;0.8;0.3;8.1;2.9;;0.7;0.69
20440176;http://world-fr.openfoodfacts.org/produit/20440176/veloute-de-poireaux-pomme-de-terre-et-pointe-de-creme-toque-du-chef;Velouté de poireaux & pomme de terre et pointe de crème;Toque du Chef;LIDL;Céleri,Crustacés,Œufs,Poisson,Gluten,Mollusques,Moutarde,Fruits à coque,Soja;b;Soupes;141;1.1;0.6;5.5;0.5;;0.5;0.66
20441470;http://world-fr.openfoodfacts.org/produit/20441470/jus-multifruits-vitafit;Jus multifruits;Vitafit;;;d;Jus de fruits;212;0.1;0.1;11.6;10.7;0.2;0.1;0.01
20441609;http://world-fr.openfoodfacts.org/produit/20441609/crownfield-cereal-cookie;Crownfield - Cereal Cookie;Crownfield;Lidl;Lait,Fruits à coque,Arachides;c;Petit-déjeuners;1676;2.9;0.7;81.4;23.6;6.1;8;0.63
2,05E+12;http://world-fr.openfoodfacts.org/produit/2045151099990/muesli-biologique-aux-fruits-et-noix-hema;Muesli Biologique Aux Fruits Et Noix;hema;;;a;Petit-déjeuners;1544;;0.7;63.5;15.8;7;10;0.04
20466206;http://world-fr.openfoodfacts.org/produit/20466206/craquante-nature-crusti-croc;Craquante Nature;Crusti croc;;Gluten,Lait,Moutarde,Arachides,Soja;d;Chips et frites;2201;34;2.8;46.8;0.6;;5.9;1.3
2,05E+12;http://world-fr.openfoodfacts.org/produit/2046663099997/bolognese-chips-hema;Bolognese Chips ;Hema;Hema;;c;Chips et frites;2265;33.1;3;53;2.9;4;6.3;1.12
20472627;http://world-fr.openfoodfacts.org/produit/20472627/really-nutty-muesli-lidl;Really Nutty Muesli;Lidl;Lidl;Gluten,Fruits à coque;a;Petit-déjeuners;1552;8.7;1.7;59.2;21.5;8.9;9.5;0.04
20496470;http://world-fr.openfoodfacts.org/produit/20496470/hot-spicy-crusti-croc;Hot & Spicy;Crusti Croc;Lidl;;c;Chips et frites;2141;27;2.5;61.3;4.6;4;4;1.6
20496494;http://world-fr.openfoodfacts.org/produit/20496494/chips-gout-bacon-crusti-croc;Chips Goût Bacon;Crusti croc;;;c;Chips et frites;2138;27;2.5;62;5;4;4;1.15
20524746;http://world-fr.openfoodfacts.org/produit/20524746/smoothie-pomme-et-framboise-chef-select-to-go;Smoothie pomme et framboise;Chef select to go;Lidll;;d;Jus de fruits;229;0.2;0.1;11.3;10.7;;0.6;0.01
20524753;http://world-fr.openfoodfacts.org/produit/20524753/smoothie-cerise-et-banane-chef-select-to-go;Smoothie cerise et banane;Chef select to go;Lidll;;e;Jus de fruits;305;0.1;0.1;16;14.3;;0.7;0.01
20524760;http://world-fr.openfoodfacts.org/produit/20524760/smoothie-mangue-ananas-orange-select-to-go;Smoothie Mangue, Ananas, Orange,;Select To Go;Lidl;;b;Jus de fruits;230;0.2;0.1;11.7;11.6;;10.5;0.01
20570972;http://world-fr.openfoodfacts.org/produit/20570972/soupe-tom-kha-a-la-japonaise-vitasia;Soupe tom kha à la japonaise;Vitasia,Lidl Stiftung & Co. KG;Lidl;Céleri,Œufs,Moutarde,Soja;;Soupes;2076;32;18;42;12;;9;11
20570989;http://world-fr.openfoodfacts.org/produit/20570989/soupe-pekinoise-aux-nouilles-vitasia;Soupe Pékinoise aux nouilles ;Vitasia,Lidl Stiftung & Co. KG;Lidl;Œufs,Lupin,Moutarde,Graines de sésame,Soja;;Soupes;148;0.24;0.08;7.04;2.2;;1;1.65
20570996;http://world-fr.openfoodfacts.org/produit/20570996/miso-soup-a-la-japonaise-vitasia;Miso soup à la japonaise;Vitasia,Lidl Stiftung & Co. KG;Lidl;Céleri,Œufs,Lupin,Lait,Moutarde,Graines de sésame;;Soupes;95;0.16;0.04;4.76;1;;0.48;0.98
2,06E+12;http://world-fr.openfoodfacts.org/produit/2058233599998/biscuits-aux-fruits-secs-aux-raisins-hema;Biscuits aux Fruits Secs aux Raisins;Hema;Hema;Œufs,Fruits à coque,Arachides,Graines de sésame,Soja,Anhydride sulfureux et sulfites;d;Biscuits;1677;7.9;4;74.6;37.4;3.5;5.1;0.64
20590260;http://world-fr.openfoodfacts.org/produit/20590260/orange-juice-solevita;Orange juice;Solevita;;;c;Jus d'orange 100% pur jus;184;0.2;0.1;9.1;9.1;;0.7;0.01
20616793;http://world-fr.openfoodfacts.org/produit/20616793/wholemeal-cookies-with-thyme-honey-and-oat-flakes-eridanous;Wholemeal cookies with thyme honey and oat flakes;Eridanous,Lidl;Lidl;;e;Biscuits;1861;15.5;7.5;64;18.8;;8.4;1.2
20619466;http://world-fr.openfoodfacts.org/produit/20619466/pasticcini-con-ripieno-al-cacao-italiamo;Pasticcini con Ripieno al Cacao;Italiamo,Lidl;Lidl;Lait,Fruits à coque,Soja;e;Biscuits;2121;27;11.3;58.8;28;;6;0.4
20621001;http://world-fr.openfoodfacts.org/produit/20621001/les-sables-coeur-pomme-tatin-sondey;Les Sablés coeur pomme tatin;Sondey;LIDL;Fruits à coque,Soja;e;Biscuits;2083;23;15;66;32;;5.5;0.730000000000001
20621445;http://world-fr.openfoodfacts.org/produit/20621445/petales-de-ble-chocolat-crownfield;Pétales de blé Chocolat;Crownfield;Lidl;Lait,Fruits à coque,Arachides;c;Petit-déjeuners;1715;7.7;4.5;74.4;17.9;6.9;6.5;0.9
20621452;http://world-fr.openfoodfacts.org/produit/20621452/petales-de-ble-fruits-rouges-crownfield;Pétales de Blé fruits rouges;Crownfield;LIDL;;b;Petit-déjeuners;1657;1.6;0.5;85;13.9;7;6.9;0.65
20621469;http://world-fr.openfoodfacts.org/produit/20621469/vitelle-rice-wheat-flakes-crownfield;Vitelle - Rice & wheat flakes;Crownfield;Lidl;Fruits à coque,Arachides;c;Petit-déjeuners;1594;1.5;0.5;81.1;17;6.2;6.5;1.13
20621476;http://world-fr.openfoodfacts.org/produit/20621476/vitelle-fruit-fibre-crownfield;Vitelle Fruit & Fibre;Crownfield;Lidl;Lait,Fruits à coque,Arachides;c;Petit-déjeuners;1602;4.7;3.4;69.4;21.6;12.1;9.8;0.6
20637200;http://world-fr.openfoodfacts.org/produit/20637200/veloute-de-10-legumes-toque-du-chef;Velouté de 10 légumes;Toque du chef;Lidl;Crustacés,Œufs,Poisson,Gluten,Mollusques,Moutarde,Fruits à coque,Soja;b;Soupes;142;1;0.1;5.2;2.2;;0.6;0.83
20638658;http://world-fr.openfoodfacts.org/produit/20638658/classique-crusti-croc;Classique;Crusti Croc;Lidl;Gluten,Lait,Moutarde;c;Chips et frites;2297;34.9;3.2;51.8;0.5;4.33;5.3;1.24
20638672;http://world-fr.openfoodfacts.org/produit/20638672/craquante-nature-crusti-croc;Craquante nature;Crusti Croc;LIDL;Gluten,Lait,Moutarde;d;Chips et frites;2292;35.1;3.2;51;0.4;;5.5;1.2
20638689;http://world-fr.openfoodfacts.org/produit/20638689/chips-de-pomme-de-terre-a-l-ancienne-crusti-croc;Chips de pomme de terre à l'ancienne;Crusti croc;;Lait,Moutarde,Cereales-contenant-du-gluten;d;Chips et frites;2368;37.5;3.6;49;0.4;;5.5;1.2
20638702;http://world-fr.openfoodfacts.org/produit/20638702/saveur-poulet-roti-thym-crusti-croc;Saveur poulet rôti & thym;Crusti Croc;Lidl;Gluten,Moutarde;d;Chips et frites;2266;34.1;3;50.6;0.8;;6.2;1.83
20641627;http://world-fr.openfoodfacts.org/produit/20641627/cereales-croustillantes-caramel-cacao-crownfield;Céréales Croustillantes caramel cacao;Crownfield,Lidl;Lidl;Fruits à coque,Arachides;c;Petit-déjeuners;1640;3.5;1;76.6;26;7;10.1;0.67
20645342;http://world-fr.openfoodfacts.org/produit/20645342/gazpacho-sol-mar;Gazpacho;Sol&Mar,Lidl;Lidl;;e;Soupes;151;1.9;0.4;3.3;3.3;0.9;0.7;0.72
20646202;http://world-fr.openfoodfacts.org/produit/20646202/jus-de-peche-et-de-raisin-partiellement-a-base-de-concentre-sol-mar;Jus de pêche et de raisin partiellement à base de concentré;Sol&Mar;LIDL;;d;Jus de fruits à base de concentré;229;0.1;0.1;12.4;12.2;0;0.3;0.03
20669188;http://world-fr.openfoodfacts.org/produit/20669188/biscino-black-white-sondey;Biscino Black & white;Sondey;Lidl;;e;Biscuits;2202;28.5;18.2;61.1;43.3;;5.7;0.5
